GROUP,PACKAGE,CLASS,INSTRUCTION_MISSED,INSTRUCTION_COVERED,BRANCH_MISSED,BRANCH_COVERED,LINE_MISSED,LINE_COVERED,COMPLEXITY_MISSED,COMPLEXITY_COVERED,METHOD_MISSED,METHOD_COVERED
core-utils,org.krmdemo.techlabs.core.dump,TreeDumper.Node,4,0,0,0,2,0,2,0,2,0
core-utils,org.krmdemo.techlabs.core.dump,JacksonTree.JacksonNode,0,8,0,0,0,3,0,1,0,1
core-utils,org.krmdemo.techlabs.core.dump,JacksonTree.MappingsNode,0,39,0,0,0,9,0,4,0,4
core-utils,org.krmdemo.techlabs.core.dump,TreeDumper,0,7,0,0,0,3,0,2,0,2
core-utils,org.krmdemo.techlabs.core.dump,DumpUtils,43,86,0,0,13,24,5,8,5,8
core-utils,org.krmdemo.techlabs.core.dump,ObjectPrinter.ToFile,121,0,0,0,27,0,9,0,9,0
core-utils,org.krmdemo.techlabs.core.dump,JacksonTree,9,60,3,7,3,17,3,7,0,4
core-utils,org.krmdemo.techlabs.core.dump,ToFileUtils,112,0,0,0,37,0,13,0,13,0
core-utils,org.krmdemo.techlabs.core.dump,ObjectPrinter.UnitOp,0,32,0,0,0,7,0,3,0,3
core-utils,org.krmdemo.techlabs.core.dump,ObjectPrinter,40,25,0,0,8,5,4,3,4,3
core-utils,org.krmdemo.techlabs.core.dump,ObjectPrinter.ToString,4,105,0,0,1,25,1,9,1,9
core-utils,org.krmdemo.techlabs.core.dump,PrintUtils,42,15,0,0,19,6,10,3,10,3
core-utils,org.krmdemo.techlabs.core.dump,JacksonTree.SequenceNode,0,23,0,0,0,7,0,3,0,3
core-utils,org.krmdemo.techlabs.core.dump,ObjectPrinter.StdOut,36,50,0,0,9,14,3,5,3,5
core-utils,org.krmdemo.techlabs.core.dump,StringBuilderOut,20,49,0,0,4,15,2,9,2,9
core-utils,org.krmdemo.techlabs.core.dump,JacksonTree.ScalarNode,0,12,0,0,0,5,0,3,0,3
core-utils,org.krmdemo.techlabs.core.utils,RandomHelper,12,131,0,2,2,28,1,18,1,17
core-utils,org.krmdemo.techlabs.core.utils,JacksonUtils.AnyError,5,18,1,1,0,5,1,1,0,1
core-utils,org.krmdemo.techlabs.core.utils,CoreCollectors,51,55,0,0,12,10,9,10,9,10
core-utils,org.krmdemo.techlabs.core.utils,CorePropsUtils,2,169,1,13,0,30,1,16,0,10
core-utils,org.krmdemo.techlabs.core.utils,CountingUtils,0,49,0,0,0,6,0,8,0,8
core-utils,org.krmdemo.techlabs.core.utils,MergeFunction.new MergeFunction() {...},0,23,0,0,0,3,0,3,0,3
core-utils,org.krmdemo.techlabs.core.utils,MergeFunction,0,21,0,0,0,4,0,1,0,1
core-utils,org.krmdemo.techlabs.core.utils,PropertiesUtils,23,75,0,0,9,19,2,9,2,9
core-utils,org.krmdemo.techlabs.core.utils,MergeFunction.new MergeFunction() {...},0,9,0,0,0,2,0,3,0,3
core-utils,org.krmdemo.techlabs.core.utils,MergeFunction.new MergeFunction() {...},0,9,0,0,0,2,0,3,0,3
core-utils,org.krmdemo.techlabs.core.utils,CoreStringUtils,0,111,0,10,0,19,0,20,0,15
core-utils,org.krmdemo.techlabs.core.utils,JacksonUtils.JsonError,18,0,2,0,4,0,2,0,1,0
core-utils,org.krmdemo.techlabs.core.utils,CoreFileUtils,110,255,18,25,25,48,14,24,2,13
core-utils,org.krmdemo.techlabs.core.utils,SysDumpUtils,98,260,5,12,17,45,6,22,1,18
core-utils,org.krmdemo.techlabs.core.utils,CoreStreamUtils,97,150,2,10,18,24,21,27,19,23
core-utils,org.krmdemo.techlabs.core.utils,JacksonUtils.new TypeReference() {...},3,0,0,0,1,0,1,0,1,0
core-utils,org.krmdemo.techlabs.core.utils,JacksonUtils,163,68,0,0,31,13,8,8,8,8
core-utils,org.krmdemo.techlabs.core.utils,JacksonUtils.new TypeReference() {...},0,3,0,0,0,1,0,1,0,1
core-utils,org.krmdemo.techlabs.core.utils,JacksonUtils.new TypeReference() {...},0,3,0,0,0,1,0,1,0,1
core-utils,org.krmdemo.techlabs.core.utils,JacksonUtils.new TypeReference() {...},3,0,0,0,1,0,1,0,1,0
core-utils,org.krmdemo.techlabs.core.utils,JacksonUtils.new TypeReference() {...},3,0,0,0,1,0,1,0,1,0
core-utils,org.krmdemo.techlabs.core.utils,JacksonUtils.new TypeReference() {...},0,3,0,0,0,1,0,1,0,1
core-utils,org.krmdemo.techlabs.core.classinfo,ClassInfo,3,73,0,2,1,15,1,10,1,9
core-utils,org.krmdemo.techlabs.core.classinfo,SystemInfo,37,0,2,0,11,0,3,0,2,0
core-utils,org.krmdemo.techlabs.core.classinfo,JarFileInfo,9,45,0,0,3,13,1,6,1,6
core-utils,org.krmdemo.techlabs.core.dump.yaml,YamlHtmlDumper,31,323,5,35,6,71,6,28,1,13
core-utils,org.krmdemo.techlabs.core.dump.yaml,YamlTxtDumper,11,214,1,23,2,48,2,21,1,10
core-utils,org.krmdemo.techlabs.core.dump.yaml,YamlSvgDumper,34,391,5,35,7,89,6,30,1,15
core-utils,org.krmdemo.techlabs.core.dump.render,Highlight.Kind,0,33,0,0,0,6,0,1,0,1
core-utils,org.krmdemo.techlabs.core.dump.render,Highlight.Structure,0,15,0,0,0,3,0,1,0,1
core-utils,org.krmdemo.techlabs.core.dump.render,Highlight.Target,0,33,0,0,0,6,0,1,0,1
core-utils,org.krmdemo.techlabs.core.dump.render,Highlight,30,256,0,0,5,35,3,4,3,4
core-utils,org.krmdemo.techlabs.core.dump.render,OuterTagUtils,100,124,0,0,14,16,8,10,8,10
core-utils,org.krmdemo.techlabs.core.dump.render,Highlight.Place,0,19,0,0,0,2,0,2,0,2
core-utils,org.krmdemo.techlabs.core.dump.render,Highlight.Rule,0,31,0,0,0,3,0,3,0,3
core-utils,org.krmdemo.techlabs.core.dump.render,RenderSpec,129,252,7,9,22,43,17,25,12,22
core-utils,org.krmdemo.techlabs.core.dump.render,RenderSpec.Feature,0,39,0,0,0,7,0,1,0,1
core-utils,org.krmdemo.techlabs.core.dump.json,JsonSvgDumper,20,451,5,23,4,101,5,27,0,18
core-utils,org.krmdemo.techlabs.core.dump.json,JsonHtmlDumper,20,374,5,23,4,80,5,25,0,16
core-utils,org.krmdemo.techlabs.core.dump.json,JsonTxtDumper,0,259,0,12,0,59,0,19,0,13
core-utils,org.krmdemo.techlabs.core.datetime,CoreDateTimeUtils.new StdSerializer() {...},0,9,0,0,0,3,0,2,0,2
core-utils,org.krmdemo.techlabs.core.datetime,CoreDateTimeUtils.new StdDeserializer() {...},0,8,0,0,0,2,0,2,0,2
core-utils,org.krmdemo.techlabs.core.datetime,CoreDateTimeUtils,5,110,1,1,2,27,2,11,1,11
core-utils,org.krmdemo.techlabs.core.datetime,DateTimeTriplet,2,206,1,1,1,36,1,25,0,25
core-utils,org.krmdemo.techlabs.core.datetime,LinkedDateTimeTripletMap,0,66,0,2,0,15,0,7,0,6
core-utils,org.krmdemo.techlabs.core.datetime,LinkedDateTimeTripletMap.LinkedTriplet,17,134,0,16,5,22,3,21,3,13
core-utils,org.krmdemo.techlabs.core,CoreUtilsMain,3,9,0,0,1,4,1,1,1,1
core-utils,org.krmdemo.techlabs.core.buildinfo,MavenBuildInfo,44,194,4,10,6,38,4,16,0,13
core-utils,org.krmdemo.techlabs.core.buildinfo,BuildInfo,5,14,1,1,1,2,2,2,1,2
core-utils,org.krmdemo.techlabs.core.buildinfo,CoreUtilsBuildInfo,0,10,0,0,0,3,0,2,0,2
